Comment,Designator,Footprint,LCSC Part #
10uF,C1,C_0805_2012Metric,C15850
1uF,"C10,C16,C5",C_0402_1005Metric,C52923
10uF,"C2,C3,C4,C6,C8",C_0603_1608Metric,C19702
100nF,"C11,C12,C13,C14,C15,C20,C23,C9",C_0402_1005Metric,C1525
WS2812B-2020,D1,LED_WS2812B-2020_PLCC4_2.0x2.0mm,C52917434
TYPE-C-31-M-12,J1,USB_C_Receptacle_HRO_TYPE-C-31-M-12,C165948
LiPo 1S,J2,JST_PH_S2B-PH-SM4-TB_1x02-1MP_P2.00mm_Horizontal,C295747
AO3401A,Q1,SOT-23,C15127
5.1k,"R1,R2",R_0402_1005Metric,C25905
4.7k,"R17,R18",R_0402_1005Metric,C25900
100k,"R10,R15,R16,R26",R_0402_1005Metric,C25741
1M,"R13,R14,R27",R_0402_1005Metric,C26083
10k,"R11,R12,R19,R20,R21,R23,R24,R3,R6,R7",R_0402_1005Metric,C25744
1.5k,R4,R_0402_1005Metric,C25867
1.8k,R5,R_0402_1005Metric,C25871
GM-402B,"S1,S2",GM-402B,C99754
POWER,SW1,SW_SPDT_Shouhan_MSK12C02,C431540
RESET,SW2,SW_Push_1P1T_XKB_TS-1187A,C318884
BOOT,SW3,SW_Push_1P1T_XKB_TS-1187A,C318884
USBLC6-2SC6,U1,SOT-23-6,C7519
BQ24073RGTR,U2,VQFN-16-1EP_3x3mm_P0.5mm_EP1.6x1.6mm,C15220
AP2112K-3.3,U3,SOT-23-5,C51118
ME6211C28,U4,SOT-23-5,C53099
ESP32-S3-MINI-1-N8,U5,ESP32-S2-MINI-1,C2913206
ADS1115IDGSR,U6,MSOP-10_3x3mm_P0.5mm,C37593
SHT40-AD1B,U7,Sensirion_DFN-4_1.5x1.5mm_P0.8mm_SHT4x_NoCentralPad,C2909890
