Designator,Mid X,Mid Y,Layer,Rotation
J1,31.0000mm,-25.7638mm,Top,0
R1,27.5000mm,-20.5000mm,Top,90
R2,37.0000mm,-23.5000mm,Top,90
U1,31.0000mm,-19.2000mm,Top,270
U2,40.5000mm,-21.5000mm,Top,0
C1,36.2000mm,-20.0000mm,Top,0
C2,38.0000mm,-17.3000mm,Top,0
C3,45.0000mm,-19.1000mm,Top,0
R3,38.6000mm,-24.6000mm,Top,0
R4,38.6000mm,-26.2000mm,Top,0
R5,38.6000mm,-27.8000mm,Top,0
R6,34.4000mm,-17.0000mm,Top,0
R7,34.4000mm,-15.6000mm,Top,0
R26,38.6000mm,-29.6000mm,Top,0
J2,49.6250mm,-26.1000mm,Top,90
Q1,41.6000mm,-27.7292mm,Top,270
SW1,31.0000mm,-2.2214mm,Top,180
R27,29.5000mm,-6.2000mm,Top,0
U3,27.5325mm,-10.5000mm,Top,270
C4,27.5000mm,-14.0000mm,Top,0
C16,26.4000mm,-7.6000mm,Top,0
U4,38.5325mm,-8.0000mm,Top,180
C5,35.3000mm,-8.0000mm,Top,90
C6,41.3000mm,-8.0000mm,Top,90
R10,32.5000mm,-11.0000mm,Top,90
U5,12.3500mm,-8.5000mm,Top,90
C8,8.0000mm,-18.6000mm,Top,0
C9,11.0000mm,-18.6000mm,Top,0
R11,22.5000mm,-10.0000mm,Top,90
C10,24.0000mm,-10.0000mm,Top,90
R12,17.6000mm,-23.6000mm,Top,0
SW2,21.8000mm,-19.9000mm,Top,0
SW3,21.8000mm,-27.0000mm,Top,0
D1,22.2050mm,-7.0000mm,Top,0
C11,24.7000mm,-7.0000mm,Top,90
S1,51.5000mm,-6.5000mm,Top,180
R20,49.7000mm,-2.5000mm,Top,90
R21,51.2000mm,-2.5000mm,Top,90
C20,52.7000mm,-2.5000mm,Top,90
S2,51.5000mm,-13.5000mm,Top,180
R23,47.7000mm,-15.8000mm,Top,90
R24,46.5000mm,-15.8000mm,Top,90
C23,46.5000mm,-13.9000mm,Top,90
U6,44.0000mm,-9.5000mm,Top,0
C12,47.0000mm,-9.5000mm,Top,90
R13,39.0000mm,-15.0000mm,Top,90
R14,37.6000mm,-15.0000mm,Top,90
C13,36.2000mm,-15.0000mm,Top,90
R15,50.0000mm,-18.0000mm,Top,90
R16,51.5000mm,-18.0000mm,Top,90
C14,53.0000mm,-18.0000mm,Top,90
R17,41.6000mm,-17.7500mm,Top,0
R18,45.8000mm,-17.7500mm,Top,0
R19,43.7000mm,-17.7500mm,Top,0
U7,8.6400mm,-26.0800mm,Top,0
C15,10.6000mm,-26.0000mm,Top,90
